0,0,1,3,0,
1,101,2,3,0,
1,101,6,3,18352,dållo 4l}s`pakkel€ôhoqÌdb'Cërrup<el pîeese aŽd 4ha.oaqOu

1,101,6,3,18352,xeìlo±ô(Ha"pa`zAt sèKqld r% aO2r}pTEt tègá7e !îD ThAl+
1,101,6,3,18352,hE|ì/ uhIó peciethq(m]lg!bå4cçbó7pv÷l¨qluae!enä"4n!ncpqou
1,101,6,3,18352,èå|èg$ThIq$xasi,t
1,101,6,3,18352,á%nlo txis qasë%p C`o5lf$bì
1,101,6,3,18352,heí\oà|his0xaCod$ shfule$be ks{epqål
1,101,6,3,18352,ü!l,n dh)%rasket!rhïuôd0be"ckrbõ4ded(`de!3e
1,101,6,3,18352,zeìLg This p`ckdt´sh_e-$ cb(GOr6}4we&!px%!se0in¤00be.k0oou
1,101,6,3,18352,`elì+)thíó$pakë%T$ó<oulÄ 3} corqrpet¢Peaóu mm|!tianK}ou‚
1,101,6,3,18352,heìnolt"es raå+ed`sho5hd `e corrõ`qe,0läaJd0iFeatiaìi yoU
1,101,6,3,18352,he,ï`ô*iB!Pácjá÷ wxouln"da orrusôÅD"pìeae cjl 4hbjj!xouŠ
1,101,6,3,18352,èun)m Thys 2Acz!ô$sloeÌe be aoB2uptiä pLma3m$anf"th`ncýou

1,101,6,3,18352,hgäln$dhmq xackit CHwumf21e eorru4u'!xîEasu€ýnd Vè!no1yï}
1,101,6,3,18352,låŒll ôàis p¡ck%4 s`luhä(àm¢coR³urtwt pdqacl
1,101,6,3,18352,heln¤txé3 qa3kut {iO}ll aì"go0buau%T rieà#aaan¤4tèank ¹owŠ
1,101,6,3,18352,hålh j/s
1,101,6,3,18352,hellg)phIsèðUkk%e am'e|$`c' anrbu8ped xleqse#iND 4i ®I(yOw

1,101,6,3,18352,xeüLd th)3 pxãkÅ|`cLnu|D bg(áo2ót0tmh pouása8qn$ tja<+"yï5
1,101,6,3,18352,jglo thiq {acketÛ`eqìd ru $srtRT!d!te`SE@qnd 4jalJ yo=
1,101,6,3,18352,(eíl®$t8)sqáókEd!sXï5ìf âe`cïrðåp|dd
1,101,6,3,18352,la,lO¤t(is Tasket kÊmuld("e!ckòp5pTEd pÍ!AR% i.bhô !ni!iou(
1,101,6,3,18352,hal,m4u`Is
1,101,6,3,18352,Enlo¨ðxiQ raceat0gHoUld bg!ckúóu°qed qlícs] and |hén+
1,101,6,3,18352,*Allo txÉs$ð`cnUt8cmmuìf£ru
1,101,6,3,18352,henk1rjlW`0ackeu*zxo-e be cGnr5rtad tüõaqi ane
1,101,6,3,18352,håè%o`tès ri#idt0G(iupd
ëe
1,101,6,3,18352,h7%ln0uihc packåd(shMuìf
1,101,6,3,18352,heíno dhi qácge| qlnumô0â5 coPv|ppåf pleaq%håLDd0b.K YotŠ
1,101,6,3,18352,huhlO!}Hiw$@``ket(choym-)òd$co22uðtgd1`LmesE xnd$dj!ok$ÝoQ	
1,101,6,3,18352,j%lN0ôhiÓ piCketAshulf(bí bgsrupôgÅ plma2w nt(tiáL{!øow
1,101,6,3,18352,x#,lë ô(èy&qqcOeôs@numt  %"#Orfuðtet(0äe)sE$Á^t2th`nj iot

1,101,6,3,18352,HelH¤ this
1,101,6,3,18352,iE<ìg t:is ðá#jåv(rioõ,d2ce#cftu0tgU plías-!a.f$V`qnk"qoQ

1,101,6,3,18352,@eìlG
1,101,6,3,18352,hl-l/$tis)pqaku4¬sHou~d âecor65Ptgd p,disd !î`ˆô¨inë(xku

1,101,6,3,18352,aelm{¢xiys!pekcdü s`Ï}fd
1,101,6,3,18352,(dll4ajac xaskmT
1,101,6,3,18352,hmô¬w this¤packE|`Sxmul$
1,101,6,3,18352,*gì,
1,101,6,3,18352,hAìlÏ nh)S,àecKmv@rhoudd"bähcopr}pt'äaxldi{q c~f`Üla~a`Imu

1,101,6,3,18352,hald} ÷hiq ða#Ket¡cünôîä be BorrutT%d$p,å`se!q&ôbôhAfnh}nuJ
1,101,6,3,18352,hedhN`ôhMó 0`cket sh.ñl~`â` #+xrq0vel òLåcP% Eîm¡ôia^g y¯tš
1,101,6,3,18352,amlln ñ`ms qbãëEô0shoõl0âG boP¾qpted&`èucsñ(anf!thaok øïv
1,101,6,3,18352,Heé|o"|h	c |qciut w`uLm(g co:ruptåd1p`'hqeÀqndhvhanë!y/u

1,101,6,3,18352,hç,,{ôHi}apaåKe6 Sh5df`be
1,101,6,3,18352,`dLloðiis Ñcëket0óholô kç°ãß02uðte$ 0l%aSa a.å TŠenk,+ou+
1,101,6,3,18352,lejlO$thés paoåô shouhD je!#¿rvupòeE tnEcwe0pkä:`jan{"yï4

1,101,6,3,18352, eldo Phiw$ðacOEt s|Og,ä pe°ëmráupôQeªp\ea{e eld ]laJk y+u
1,101,6,3,18352,è-ll thIs0qÁák-p sLnuLä be*"mrðå1|åå4Pleagnp`nl txcêk0iku.
1,101,6,3,18352,`e$ho UjIS piãJgthShouMd Bl3ortuñ|u$`qlä%co!`.$ t(!c yo7

1,101,6,3,18352,äelJ.0His#pc{#u< shodld
1,101,6,3,18352,(emìi tjis paccereshuUnf `e,ÃKrrur4dt(plea5 a~l¸th!jxy'­J
1,101,6,3,18352,hexlï |* ãap`cëe4
1,101,6,3,18352,hElne0V(is pa#kGt0rlould`5 cov#u t5$cplcaqe ánÇ ühóoi7gu
1,101,6,3,18352,jeLlm(th(s
1,101,6,3,18352,`um©/$vpic RecKEt +hould`bm(cmàz|8tue pdAsu0`ne`thmo{ilT
1,101,6,3,18352,`%lDO $his plckeT"s¹ýuød â%)c'bbupt!d p.ei3e!ándp4hanK1qou(
1,101,6,3,18352,`up,/!tJi3`8ac/et who5h
1,101,6,3,18352,ìãdlo"t*)s``iccet)²h/ulr"e corvup4ud xNeqre iol`dxaöi
1,101,6,3,18352,j%lìo thir P!çóet°s(o|l  d "ovrw4ôA$àql%aSd`eNö ôiejo ymt
1,101,6,3,18352,hähloðÔhIs pq#mäV ;êOulf(bm`c~rrutteä#p^á`òe
1,101,6,3,18352,htflï tjyp¨va#ëa4
1,101,6,3,18352,`ádlm,ô`m÷pzaSe| sxoQod$ce corruátåf 8ìåasõ!cn`°thsdk!you

1,101,6,3,18352,hello this packet should be corrupted please and thank you

